name;ingredients;nutrients.energy;nutrients.proteins;nutrients.carbohydrates;nutrients.lipids;nutrients.sugar;nutrients.dietaryFiber;nutrients.calcium;nutrients.iron;nutrients.magnesium;nutrients.zinc;nutrients.vitaminD;nutrients.vitaminE;nutrients.vitaminK1;nutrients.vitaminK2;nutrients.vitaminC;nutrients.vitaminB1;nutrients.vitaminB2;nutrients.vitaminB3;nutrients.vitaminB5;nutrients.vitaminB6;nutrients.vitaminB9;nutrients.vitaminB12;nutrients.starch;nutrients.saturatedFattyAcid;nutrients.monounsaturatedFattyAcid;nutrients.sodiumChlorideSalt;nutrients.potassium;nutrients.sodium;nutrients.solenium;image;weight;description;type;price
Salade de thon et légumes;Carottes,thon,courgettes,oignons verts,riz;-;9,15;7,74;4,7;3,08;2,7;20,7;1,1;25,1;0,6;0,5;1,6;-;-;2,75;0,04;0,053;4,45;0,16;0,29;31;1,45;4,1;0,56;1,83;1,11;232;445;-;salade-de-thon.jpeg;220;Une délicieuse salade  au thon aux saveurs méditerranéenne une recette estivale .;;22.50
Salade composée avec viande;;-;8,06;6,4;5,3;1,9;2;22;0,7;20;0,38;0,44;2,04;9,75;-;-;0,032;0,022;4,13;0,2;0,12;11,1;1,23;3,3;0,16;3,27;0,95;220;381;30;;250;;;25
Champignons à la grecque;Pommes de terre,oeufs,tomate cerise,ciboulette;-;2,08;3,95;3,55;2,38;2,35;27;1,06;13,5;0,4;0;1,08;-;-;6,67;0,056;0,21;1,84;0,88;0,088;19,6;0,018;0,99;0,23;0,2;1,26;277;50;1,79;;230;;;22
Salade de pommes de terre, fait maison, végétarienne;;-;2,68;9,9;8,2;-;1,3;19;0,65;15;0,31;0;-;-;-;10;0,077;0,06;0,89;0,53;0,14;7;0;-;1,43;2,48;1,32;254;529;-;salade-de-pommes-de-terre.jpeg;260;C'est l'un des plats les plus populaires dans la cuisine allemande, autrichienne et slave.;vegetarian;21
Salade de couscous, végétarienne;Couscous moyen,tomate roma,oignons nouveaux,concombre,jus de citron ,Huile d'olive,Persil;179;4,88;23,7;6,7;4,9;2,5;24;0,88;25;0,65;0;1,26;10,6;-;6,27;0,087;0,024;0,5;0,26;0,052;14,5;0;17,7;0,67;4,23;1;210;399;020;salade-de-couscous.jpeg;210;Cette recette d’origine libanaise est parfaite en ballade, car elle ne coule pas, ne mouille pas la salade;vegetarian;30
Salade de pomme de terre à la piémontaise;Pommes de terre à chair,tomates fermes,jambon,oeufs durs,mayonnaise,cornichons,sel fin;130;4,5;8,87;8,3;1,2; 0,5;13;0,43;16;0,49;0,5;3,96;10,9;-;21,6;0,08;0,049;0,98;0,44;0,099;21,6;-;6;0,82;5,02;1,08;30;433;020;salade-piemontaise-de-pomme-de-terre.jpeg;215;Recette très savoureuse, vous découvrirez la salade de pommes de terre d'une manière différente;;24.40
Salade de riz;Riz,oeufs durs,thon,oeufs durs,maïs,tomates,poivron,vinaigrette;-;5,13;16,1;4,35;1;1,7;23,3;0,43;13,1;0,3;0,5;1,63;-;-;4,48;0,058;0,045;2,65;0,14;0,13;33,5;0,43;14,3;0,53;2,23;1,1;143;431;17,7;salade-de-riz.jpeg;225;Rien que des bonnes petites choses fraîches et savoureuses pour une salade composée au top !;;25.70
Salade de pâtes, végétarienne;Penne,avocat,tomates-cerises,tomates séchées marinées à l'huile d'olive,botte de basilic,pignons de pin grillés à sec,olives noires,feta;-;5,7;13,7;8,1;2,3;1,7;14;0,6;11;0,4;0;1,95;-;-;21;0,04;0,02;0,4;0;0,09;16;0;10;2,37;1,46;1,04;84;51;-;salade-de-pate-vegetarian.jpeg;252;Les salades de pâtes sont idéales en été. Elles sont savoureuses, variées et nourrissantes ;vegetarian;22.30
Salade de pâtes aux légumes, avec poisson ;;-;5,19;14;9,94;2,16;1,98;19;0,95;23,3;0,53;0,12;1,18;-;-;12,3;0,064;0,057;1,77;0,28;0,14;18,4;0,14;7,92;1,74;5,85;0,95;193;378;5,3;;216;;;19
Macédoine de légumes en salade;;-;2,81;7;9,3;2,3;4,11;-;-;-;-;-;-;-;-;-;-;-;-;-;-;-;-;-;0,7;-;1,04;-;426;-;;310;;;28
Salade César au poulet;;-;8,13;4,88;10;1,71;2;10;0,5;19;0,69;0,25;2,24;32;-;1,11;0,096;0,068;2,29;0,47;0,094;29,3;0,48;3,17;2,36;4,99;0,75;30;301;020;;210;;;33
Carottes râpées, avec sauce;;-;0,98;6,01;5;5,2;3,64;31;-;-;-;-;-;-;-;-;-;-;-;-;-;-;-;-;0,43;2,53;0,67;-;264;-;;212;;;17.80
Salade de betterave, avec sauce;;-;1,29;7,45;4,94;5,3;2,66;21;4;-;-;-;-;-;-;5;-;-;-;-;-;-;-;-;0,37;1,79;0,7;-;280;-;;265;;;24.60
Salade de chou;;105;0,94;5,78;8,1;4,72;3;39;1,3;9,3;0,27;0,25;2,21;23;-;21,6;0,026;0,01;0,1;0,21;0,093;14,6;-;0,35;0,63;4,83;0,88;210;353;020;;264;;;23.90
Salade de concombre à la crème;;-;1,1;1,97;11,3;1,39;1,48;-;-;-;-;-;-;-;-;-;-;-;-;-;-;-;-;-;1,35;-;1,07;-;411;-;;244;;;30
Salade de lentilles et saucisse fumée;;-;7;8,9;11,8;0,9;3,6;-;-;-;-;-;-;-;-;-;-;-;-;-;-;-;-;-;0,9;-;0,89;-;355;-;;233;;;22
Salade grecque, avec sauce;;-;2;1,4;7,1;1,4;2;-;-;-;-;-;-;-;-;-;-;-;-;-;-;-;-;-;2,7;-;1,04;-;416;-;;278;;;19
Salade de riz à la niçoise;;-;4,45;15,8;6,08;1,35;1,5;-;-;-;-;-;-;-;-;-;-;-;-;-;-;-;-;-;0,63;2,51;0,76;-;30;-;;267;;;24
Soupe aux lentilles;;55;3,74;6,6;1,12;0,7;1,8;25;1,07;19;0,61;-;0;-;-;1,7;0,07;0,045;0,55;0,14;0,09;20;0,12;-;0,45;0,52;0,36;144;143;16,1;;256;;;27
Soupe à la volaille et aux légumes;;30,8;3,09;2,6;0,8;1,2;0,4;-;-;-;-;-;-;-;-;-;-;-;1,9;-;-;-;0,11;-;0,3;-;1,75;-;70;-;;224;;;30
Soupe aux légumes variés;;39,4;0,76;5,05;1,56;1,72;1,1;14;0,14;5,3;0,11;0;0,62;2,53;-;5,75;0,29;0,062;0,31;0,33;0,16;39,8;0,052;2,2;0,55;0,5;0,69;110;275;020;;235;;;25
Soupe de poissons;;42,8;3,45;2,88;1,79;0,9;0,69;130;0,61;11;0,25;0,2;0,32;0,93;-;0,5;0,03;0,039;0,63;0,18;0,032;05;1,35;1,7;0,58;0,93;0,86;110;343;020;;254;;;40
Soupe aux poireaux et pommes de terre;;37,1;0,79;4,46;1,51;0,81;1,28;16;0,17;5,6;0,13;-;0,28;9,13;-;7,95;0,01;0,03;0,23;0,14;0,23;29,3;0,045;3,2;0,6;0,53;0,73;94;290;020;;264;;;44
Soupe à la volaille et aux vermicelles;;30,8;1,3;3,86;1;0,77;0,56;7,96;0,14;7,93;0,1;0;0,03;0;-;-;0,055;0,045;0,54;0,074;0,02;2;0,02;-;0,49;0,29;0,82;30,5;326;010;;262;;;33
Bouillon de viande et légumes;;4,8;0,2;0,1;0,4;0;0;1;0,1;2;-;-;-;-;-;0;0,06;0,01;0;0,02;0,01;12;0,05;0,1;0,2;0,09;1,08;15;430;0;;236;;;22
Pomme de terre, sans peau, rôtie au four;;215;3,25;19,6;13,4;1,5;1,7;26,4;0,6;13,8;0,26;0,14;7,7;-;-;8,8;0,08;0,06;1,06;0,49;0,19;21;0,09;15,9;-;-;1;252;40;1,5;pommes-de-terre-rotie.jpeg;30;C'est toujours aussi épate belle mère quand vous posez votre plat sur la table, et, bien sûr, aussi bon.;;23
Soupe aux champignons;;48,2;0,81;4,09;3,07;0,91;0,52;7;0,09;2;0,06;0,1;0,24;9,6;-;-;0,06;0,08;0,17;0,072;0,07;1;0;-;1,58;0,4;0,78;62;312;-;;264;;;25
Soupe à la carotte;;33,2;0,61;3,89;1,41;1,82;1,22;15;0,3;7;-;-;-;-;-;11;0,05;-;0,65;-;0,08;9;-;2,08;0,96;0,36;0,65;140;259;-;;256;;;28
Tripes à la mode de Caen;;116;20,4;0,3;3,68;traces;0;23;1,1;6,4;0,64;-;0,47;-;-;0;0,02;-;0,37;0,42;0,023;-;1,2;0,3;1,29;1,12;1,06;42,5;423;-;;256;;;33.40
Tripes à la mode de Caen;;112;18,4;0,7;3,62;0,5;1,25;23,6;0,9;6,6;2,1;-;-;-;-;-;-;-;-;-;-;-;-;-;2,1;-;1,03;34,6;421;-;;274;;;22.80
Tripes à la tomate ou à la provençale;;94,1;15,7;0,6;3,2;0,4;0;-;-;-;-;-;-;-;-;-;-;-;-;-;-;-;-;-;1,64;1,28;1,23;-;492;-;;262;;;24.80
Blanquette de veau;;113;15,4;3,1;4;0,3;0,8;15;0,92;12;3,2;0,25;0,37;2,55;-;0,5;0,062;0,047;1,77;0,33;0,074;23,3;1,59;1,9;2,03;1,36;0,74;190;295;020;;236;;;30.40
Boeuf bourguignon;;84,6;8,93;4,17;3,3;1,57;1,25;16,9;1,75;13,3;2,91;0,5;0,6;-;-;0,8;0,07;0,1;2,3;0,3;0,23;11;0,6;1,3;0,88;1,18;0,88;230;354;02,58;;256;;;22.60
Sauté d'agneau au curry, préemballé;;-;10,5;-;13,9;-;1;17,5;2,15;13,3;2,77;-;-;-;-;-;-;-;-;-;-;-;-;-;6,7;-;1,29;20;514;-;;246;;;22.50
Canard en sauce (poivre vert, chasseur, etc.), préemballé;;145;9,55;10,2;7,3;-;traces;-;-;-;-;-;-;-;-;-;-;-;-;-;-;-;-;-;-;-;-;-;-;-;;285;;;25.30
Lapin à la moutarde, préemballé;;108;14,9;0,5;5;0,5;0,8;-;-;-;-;-;-;-;-;-;-;-;-;-;-;-;-;-;2,1;-;1,2;-;480;-;;278;;;39
Coq au vin;;133;13;4;7;1;0,9;14;1,3;16;0,21;0,04;0,48;-;-;1,5;0,07;0,19;3,7;0,74;0,17;31;1,4;-;1;3,87;1,05;145;420;0,11;;284;;;22
Paupiette de veau;;193;14,5;2,6;13,8;0,41;0,2;27,6;1;37,2;1,25;0,1;0,68;-;-;1,34;0,084;0,14;3,51;0,59;0,28;14,3;0,41;2,19;5,45;3,05;1,26;272;510;3,26;;30;;;23
Paupiette de volaille;;164;23,9;8,8;3,4;-;1,17;27,6;1,03;38,6;1,09;0,14;0,69;-;-;1,33;0,082;0,11;3,97;0,56;0,31;13,8;0,28;2,97;0,65;1,63;1,05;264;251;6,08;;256;;;25
Viande en sauce (aliment moyen);;104;11,3;3,65;4,6;1,34;1,08;17,1;1,13;14,2;2,4;0,23;0,81;;;1,27;0,061;0,067;2,61;0,42;0,16;14,8;0,74;1,71;1,8;1,51;0,85;198;341;6,17;;320;;;27
Poulet au curry et au lait de coco;;124;10,6;3,15;6,9;1,49;1,1;18;0,51;18;0,44;0,25;1,65;3,22;-;2,51;0,032;0,01;4,08;0,62;0,17;17,5;0,15;1,65;3,03;2,06;1,07;210;427;020;;370;;;25
Meloukhia, plat à base de boeuf et corete, fait maison;;189;10,6;1,2;14,7;1,2;4,7;51,3;2,4;30,6;2;0;5,1;-;-;1,5;0,03;0,14;1,36;0,32;0,12;20;0,66;0;-;-;0,93;228;373;2,1;;376;;;19.50
Palette à la diable, préemballée;;120;13,5;2,08;6,07;1,38;1,45;-;1;-;-;-;-;-;-;-;-;-;-;-;-;-;-;-;2,2;-;2,25;-;901;-;;386;;;32.20
Langue de boeuf sauce madère, préemballée;;180;9,5;4,5;13,5;2,5;1;-;-;-;-;-;-;-;-;-;-;-;-;-;-;-;-;-;6;-;1,08;-;430;-;;378;;;18.90
Porc au caramel, préemballé;;136;10;11,4;5,4;7,9;0,7;9,9;0,49;12;1,1;0,25;0,62;1,5;-;0,5;0,19;0,034;1,93;0,31;0,094;9,1;0,27;1,3;1,44;2,2;1,34;160;536;020;;420;;;23.40
Boulettes au boeuf, à la sauce tomate, préemballées;;117;9;5,5;6,5;-;traces;-;-;-;-;-;-;-;-;-;-;-;-;-;-;-;-;-;-;-;-;-;-;-;;347;;;26.20
Paupiette de veau, préemballée,  cuite au four;;276;22;0,48;20,5;0,3;0,9;24;0,94;18;2,3;0,25;0,08;0,87;-;1,62;0,16;0,071;3,83;0,59;0,22;11,9;1,61;0,35;8,19;8,77;1,07;260;428;020;;389;;;27.10
Carpaccio de boeuf, avec marinade;;271;15,2;0,55;23;0,5;0,36;112;1,84;22,6;2,79;0,38;3,18;-;-;5,87;0,088;0,17;2,11;0,28;0,27;12;2,04;0,024;7,38;10;1,12;242;437;5,84;;326;;;29.30
Yakitori (brochettes japonaises grillées en sauce);;172;26;9,3;3,3;6,6;0,6;9,8;0,61;31;1,5;0,25;0,5;0,8;-;-;0,09;0,042;7,69;1,36;0,25;31,8;0,41;1,3;1,2;1,18;1,19;340;475;020;;356;;;60
Brochette de boeuf, cuite;;139;21,9;0,33;5,2;-;03;23;2,4;25;4,4;0,25;0,65;3,71;-;10,8;0,041;0,14;4,72;0,54;0,31;19,8;1,94;-;1,8;2,35;0,86;430;345;020;;;;;
Brochette de volaille, cuite;;137;23,1;1,39;4;-;03;13;0,61;33;1,1;0,25;0,74;2,41;-;8,49;0,071;0,07;8,91;1,71;0,47;88,3;0,7;-;1,02;1,69;0,75;520;299;020;;;;;
Hachis parmentier à la viande, préemballé;;138;5,99;9,39;8,22;1,47;1,43;59,6;0,71;17,5;1,2;0,1;0,2;-;-;0,65;0,02;0,07;-;-;0,08;5,71;0,42;-;4,7;2,75;0,83;184;322;010;;;;;
Couscous au mouton;;149;8,31;12,2;7,2;1,38;1,3;31,6;1,24;23,2;1,22;0,14;0,4;-;-;5;0,075;0,075;1,7;0,3;0,11;18;0,5;10,8;-;-;0,81;187;322;-;;;;;
Couscous à la viande ou au poulet;;90,7;5,9;11,5;1,9;2,1;2;22;0,78;17;-;0,04;0,97;-;-;7;0,07;0,07;2;0,3;0,13;18;0,04;9,4;0,4;0,75;0,7;148;30;-;;;;;
Poêlée de pommes de terre préfrites, lardons;;168;3,2;16,2;9,6;1,7;2,1;26;0,49;20;0,45;0,25;1,49;3,13;-;3,04;0,086;0,056;1,28;0,41;0,15;23,8;0,15;14,5;2,9;3,67;0,6;390;260;020;;;;;
Couscous royal (avec plusieurs viandes);;132;7,69;14;4,53;1,57;2,1;25,2;0,93;18,8;1,02;0;0,4;-;-;1,69;0,07;0,09;1,9;0,3;0,15;17,2;0,28;12,5;1,54;2,14;0,88;179;345;02,58;;;;;
Couscous à la viande;;128;7,59;12,5;4,73;1,97;2,53;25,2;-;18,8;1,02;-;-;-;-;-;-;-;-;-;-;-;-;-;1,24;1,54;0,78;179;313;02,58;;;;;
Parmentier de canard;;146;6,82;8,51;9,06;1,96;1,55;-;-;-;-;-;-;-;-;-;-;-;-;-;-;-;-;-;4,5;3,56;0,81;-;310;-;;;;;
Cassoulet;;129;8,06;9,41;5,77;1,06;3,55;45,7;1,23;34,8;0,88;0,5;0,18;-;-;2,94;0,083;0,057;1,25;0,16;0,091;30;0,12;7,3;2,07;2,63;0,97;289;388;010;;;;;
Choucroute garnie;;109;5,06;2,8;8,06;0,66;2,71;27,1;0,83;18;0,84;0;0,25;-;-;9,09;0,14;0,11;0,68;-;0,02;10;-;-;3,22;3,45;1,39;97,5;552;010;;;;;
Petit salé ou saucisse aux lentilles;;118;8,24;8,89;4,87;1,51;2,83;20;1,8;19,4;1,2;0,5;0,39;-;-;0,5;0,24;0,075;1,5;0,23;0,14;22,9;0,13;6,3;1,89;1,97;0,98;167;384;2,8;;;;;
Pot-au-feu;;77,5;10,9;3,2;2,02;1,5;1,5;23,5;1,69;16,2;3,48;-;-;-;-;-;-;-;-;-;-;4,6;-;1,7;0,82;0,97;0,32;189;130;010;;;;;
Boeuf aux carottes;;96,6;13,2;3,3;3,15;0,6;1,1;15,9;0,9;11,3;3,5;0;0,4;-;-;2;0,07;0,16;1,77;0,44;0,16;9,5;0,8;2,7;1,21;1,47;0,58;119;231;3,2;;;;;
Potée auvergnate;;82,1;6;3,7;4,3;0,86;2,3;30,5;1,05;14,3;0,6;0;0,5;-;-;10,5;0,18;0,09;1,23;0,31;0,16;19,9;0,2;2,84;1,57;2,11;0,84;221;356;2,4;;;;;
Cassoulet au porc;;132;8,3;8,6;6,3;1,8;4;-;-;-;-;-;-;-;-;-;-;-;-;-;-;-;-;-;2,2;-;1,1;293;50;-;;;;;
Cassoulet au canard ou oie;;161;10,5;10,1;7,86;1,09;3,86;-;-;-;-;-;-;-;-;-;-;-;-;-;-;-;-;-;2,43;2,61;1,05;307;416;-;;;;;
Tomate farcie;;122;5,49;2;9,67;0,88;2,31;18,4;0,87;12,8;0,75;0,1;1,1;-;-;7;0,06;0,06;0,9;-;0,07;-;-;1,12;3,24;4,16;0,7;199;280;02,2;;;;;
Chou farci;;94,9;5,3;2;6,6;2;3,13;145;-;41,4;0,8;-;-;-;-;-;-;-;-;-;-;-;-;-;-;-;0,87;-;350;5,33;;;;;
Chili con carne;;118;7,13;13;3,35;2,58;3,56;32,8;1,6;27,3;1,2;0,5;0,88;4,6;-;2,25;0,088;0,068;1,25;0,16;0,15;44;0,35;4,6;1,13;1,39;0,93;282;371;-;;;;;
Moussaka;;147;5,82;5,16;10,8;3,01;2,84;16;0,62;22;0,47;0,2;0,46;-;-;3,1;0,06;0,11;1,3;0,33;0,09;10;0,6;0,9;3,37;3,25;0,97;576;393;1,4;;;;;
Navarin d'agneau aux légumes;;133;8,05;5;8,61;0,9;1,65;22,1;1,31;17,9;0,85;0,039;0,84;-;-;4,76;0,1;0,14;3,15;0,4;0,14;18,4;1,19;1,61;1,4;2,54;0,63;230;260;1,8;;;;;
Tajine de mouton;;132;12,8;4,5;6,83;2,4;01;5,1;1,6;14,7;3;0,5;0,71;-;-;0,5;0,07;0,16;2,95;0,23;0,19;24;1,65;2,1;2,73;3,25;0,99;211;394;1;;;;;
Osso buco;;96,7;11,2;3,5;4,08;1,1;0,6;13,7;0,6;18,4;1,26;0;0,53;-;-;2,4;0,083;0,12;3,48;0,25;0,19;11;0,38;2,3;0,8;2,62;1,47;234;586;3,24;;;;;
Poulet basquaise;;107;9,3;2,5;6,4;2;1,3;-;-;-;-;-;-;-;-;-;-;-;-;-;-;-;-;-;1,7;-;0,89;-;355;-;;;;;
Tajine de poulet;;127;7,54;14,4;3,7;6,8;3;18;0,45;17;0,46;0,25;1,27;7,32;-;0,5;0,14;0,037;2,3;0,39;0,096;30,2;0,075;2,3;0,4;2,14;1,17;220;466;020;;;;;
Chop suey;;78,2;5;7,8;3;-;traces;-;-;-;-;-;-;-;-;-;-;-;-;-;-;-;-;-;-;-;-;-;-;-;;;;;
Légumes farcis;;69,8;6,4;3,6;3;2,59;1,4;27,1;0,56;14,1;0,63;0,088;0,55;-;-;4,86;0,1;0,13;1,24;0,46;0,11;21,2;0,18;1,01;0,46;1,73;0,69;184;277;2,58;;;;;
Moules marinières;;92;10,3;7,43;2,24;1,05;0,53;-;-;-;-;-;-;-;-;-;-;-;-;-;-;-;-;-;0,99;0,59;0,69;-;345;-;;;;;
Moules farcies;;284;9,56;4,43;24,8;0,3;1,26;40;2,5;45;2;0,25;1,79;11,4;-;0,5;0,015;0,14;1,09;0,34;0,063;54,2;19,3;-;16,6;5,57;1,08;180;430;30;;;;;
Gratin ou cassolette de poisson;;105;6,13;8,39;5,1;2,48;0,5;58,2;0,41;13,8;0,55;-;-;-;-;-;-;-;-;-;-;-;-;-;3,18;1,25;0,82;223;328;-;;;;;
Gratin ou cassolette de poisson;;117;6,69;5,28;7,5;1,6;0,7;52;0,28;24;0,47;0,25;0,63;3,6;-;0,5;0,015;0,043;0,1;0,28;0,022;19,4;0,95;2,3;4,82;1,81;0,92;180;366;020;;;;;
Saumon à l'oseille;;133;8,36;7,43;7,65;0,58;0,73;-;-;-;-;-;-;-;-;-;-;-;-;-;-;-;-;-;3,19;2,33;0,69;-;277;-;;;;;
Poisson blanc à la bordelaise;;176;14,8;5,3;10,4;1,09;1;21,1;1,2;17,5;01;0,9;2,6;-;-;9,7;0,05;0,05;9,2;0,18;0,05;05;2,2;3,7;2,3;2,92;1,28;317;513;4,9;;;;;
Poisson blanc à la provençale ou niçoise;;75,2;9,31;3,1;2,3;2;2,4;16,1;01;24,2;-;0,2;1,1;-;-;-;0,05;0,07;1,2;0,25;0,05;05;1,1;-;0,42;1,14;0,7;348;280;3,8;;;;;
Poisson blanc à la florentine;;10;11,4;2,9;4,35;1,95;2;-;-;-;-;-;-;-;-;-;-;-;-;-;-;-;-;-;2,75;-;0,56;-;232;-;;;;;
Poisson blanc à la marinière;;80;11,5;2,2;2,8;-;traces;-;-;-;-;-;-;-;-;-;-;-;-;-;-;-;-;-;-;-;-;-;-;-;;;;;
Poisson blanc à la sauce moutarde;;90,8;9,2;5,4;3,6;-;0;-;-;-;-;-;-;-;-;-;-;-;-;-;-;-;-;-;-;-;-;-;-;-;;;;;
Poisson blanc à la parisienne;;79,9;9,16;3;3,25;0,86;1;-;-;-;-;-;-;-;-;-;-;-;-;-;-;-;-;-;1,56;0,72;0,55;-;220;-;;;;;
Poisson blanc à l'estragon;;77,2;8,8;4,2;2,8;-;0;-;-;-;-;-;-;-;-;-;-;-;-;-;-;-;-;-;-;-;-;-;-;-;;;;;
Poisson blanc sauce oseille;;114;11,8;3,9;5,5;1,65;1;40;0,24;27;0,33;0,5;1,1;3,6;-;0,5;0,075;0,06;0,8;0,2;0,058;18,8;1,87;-;3,31;1,32;0,88;260;350;050;;;;;
Feuilleté au poisson;;255;6,55;26,5;13;4,3;2,9;39,4;0,4;20,4;0,42;2,5;1,38;-;-;0;0,087;0,069;2,9;0,35;0,22;016;0,77;18,3;9,7;1,82;1,02;212;406;13;feuilletes-de-poisson.jpeg;350;Pâte feuilletée moelleuse avec une garniture inoubliable;;35
Samoussa;;230;9,33;16,5;13,7;2,45;1,8;31;1,3;17,8;0,87;0,5;1,45;-;-;0,7;0,068;0,12;1,5;0,22;0,13;20;0,34;14,1;2,78;5,27;1,26;182;493;38,6;samoussa.jpeg;320;Nous vous proposons une recette inspirée de la cuisine indienne avec le curry, le gingembre;;22.40
Saumon farci;;227;18,8;0,4;16,2;0,4;2,4;-;-;-;-;-;-;-;-;-;-;-;-;-;-;-;-;-;3,8;-;0,65;-;-;-;;;;;
Paëlla;;148;7,86;17,1;4,9;1,2;1,85;38,7;0,69;25,4;0,68;0,5;1,3;-;-;1,95;0,073;0,45;2,6;0,42;0,12;18,8;1,1;15,1;1,28;1,08;0,87;148;343;010;;;;;
Couscous au poisson;;105;7,5;14,2;1,6;1,7;1,7;24;4,1;23;0,4;0,1;1,2;-;-;7,6;0,1;0,1;-;0,2;0,1;24;0,5;12,5;0,2;0,3;0,84;192;337;-;;;;;
Gratin de poisson et purée ou brandade aux pommes de terre;;117;6,39;8,57;6,15;1,62;1,1;46,8;01;17,1;01;1,1;1,5;-;-;01;0,05;0,09;0,32;0,23;0,05;05;0,36;6,4;3,68;1,74;0,81;190;323;4,7;;;;;
Sushi ou Maki aux produits de la mer;;171;6,69;26,9;3,7;4,93;0,9;16;0,25;14;0,44;1,14;0,33;2,78;-;1,11;0,031;0,018;1,28;0,34;0,15;9,19;1,36;19;0,6;1,72;0,55;130;218;020;;;;;
Terrine ou mousse de légumes;;-;4,05;5,6;9,56;1,77;2,55;50,5;0,78;24;0,7;0,2;2,11;-;-;2,16;2,82;1,34;3,98;-;0,36;110;traces;3,83;3,43;4,28;1,31;232;524;-;;;;;
Flan de légumes;;-;5,38;4,13;18,6;2,06;2,3;72;0,75;12;0,58;0,25;1,36;44,3;-;0,5;0,1;0,18;0,7;0,44;0,073;51,4;0,6;1,5;10,8;5,38;0,89;20;354;020;;;;;
Haricots blancs à la sauce tomate;;-;4,67;10,1;0,4;1,65;5,5;-;-;-;-;-;-;-;-;-;-;-;-;-;-;-;-;-;0,16;-;0,93;-;349;-;;;;;
Piperade basquaise;;-;1,1;6,5;3,8;4,9;3,4;7,6;0,24;7,9;0,09;-;1,3;3,77;-;12,2;0,029;0,016;0,62;0,071;0,063;11;-;-;2;1,33;0,76;190;30;020;;;;;
Poêlée de légumes assaisonnés sans champignon;;81,2;2,6;12,1;1,77;1,5;3,6;24,5;6;-;-;-;-;-;-;30,8;-;-;-;-;-;-;-;-;0,4;0,52;1,25;-;50;-;;;;;
Poêlée de légumes assaisonnés à l'asiatiques;;-;3,13;5,83;3,93;3,1;2,55;-;-;-;-;-;-;-;-;-;-;-;-;-;-;-;-;-;0,48;-;0,44;-;73;-;;;;;
Poêlée de légumes assaisonnés grillée, méridionale ou méditerranéenne, surgelée, crue;;-;1,61;4,33;1,77;2,66;4,14;-;-;-;-;-;-;-;-;-;-;-;-;-;-;-;-;-;0,14;0,66;0,25;-;167;-;;;;;
"Poêlée de légumes assaisonnés aux champignons (""champêtre""), surgelée";;-;1,89;3,59;1,21;1,81;2,94;-;-;-;-;-;-;-;-;-;-;-;-;-;-;-;-;-;0,22;0,24;0,35;-;134;-;;;;;
Ratatouille cuisinée, préemballée;;-;1,22;4,97;3,15;3,91;2,03;16,4;0,38;18,6;0,17;0;1,56;-;-;25,2;0,03;0,03;0,56;-;0,04;18;-;-;0,47;2,08;0,94;295;369;010;;;;;
Épinards à la crème, préemballés;;-;2,5;4,1;2,9;1,19;1,9;-;-;-;-;-;-;-;-;-;-;-;-;-;-;-;-;-;1,82;0,67;0,72;-;287;-;;;;;
Gratin d'aubergine, préemballé;;-;1,95;5,45;8,68;3,8;2,35;-;-;-;-;-;-;-;-;-;-;-;-;-;-;-;-;-;1,3;-;0,45;-;172;-;;;;;
Gratin dauphinois;;-;3,38;14,5;4,2;2,08;1,5;38,6;0,32;13,8;0,29;0;0,24;-;-;3,1;0,02;0,081;0,94;0,24;0,04;7;0;12;2,67;0,99;0,81;219;325;02,2;;;;;
Endive au jambon;;-;7,44;4,71;6,3;1,98;1,5;77,2;0,38;18,2;0,6;0,28;0,23;-;-;3,72;0,24;0,14;1,45;0,28;0,11;14,3;0,3;2,73;3,77;1,6;0,65;104;259;3,13;;;;;
Gratin de chou-fleur, préemballé;;-;3;3,3;6,5;0,88;1,3;96,6;0,27;10,7;2,3;-;-;-;-;-;-;-;-;-;-;-;-;2,42;4;1,31;1,07;147;420;-;;;;;
Gratin de légumes;;-;3,44;6,91;6,7;3,42;1,7;83,1;0,51;16,6;0,49;0,084;1,84;-;-;12,6;0,051;0,072;0,46;0,27;0,11;41;0,12;1,65;3,41;1,81;0,57;175;228;1,8;;;;;
Riste d'aubergines (aubergines, tomates, oignons), préemballée;;-;1,05;10,6;10,4;5,2;2,6;-;-;-;-;-;-;-;-;-;-;-;-;-;-;-;-;-;2;2,63;1,19;-;470;-;;;;;
Palet ou galette de légumes, préfrit, surgelé;;-;3,29;10,7;5,44;3,34;2,61;-;-;-;-;-;-;-;-;-;-;-;-;-;-;-;-;-;1,13;2,24;0,94;-;351;-;;;;;
Palet ou galette de légumes, préfrit, surgelé, cuit;;-;3,31;8,45;5,7;3;2,6;40;0,52;16;0,36;0,25;2,63;20,2;-;1,23;0,19;0,11;0,1;0,31;0,088;33,8;0,18;4,5;0,64;2,41;0,75;250;301;020;;;;;
Choucroute, sans garniture, égouttée, cuite;;75,3;1,38;0,1;6,6;0,2;4,5;43;0,3;6,8;0,15;0,25;0,4;31;-;17,2;0,015;0,01;0,1;0,11;0,055;19,1;0,028;0,35;2,02;3,12;1,26;83;505;020;;;;;
Tomate à la provençale, fait maison;;-;1,65;6,55;4,32;2,71;2;23;0,67;13,1;0,22;0,01;1,64;-;-;21,5;0,063;0,038;0,61;0,32;0,11;22,2;0;3,84;0,94;2,55;0,47;247;188;0,93;;;;;
Beignet de légumes;;-;3,52;23;8,52;3,03;1,95;52,4;0,72;17,7;0,4;0,16;2,86;-;-;13,2;0,058;0,14;0,42;0,39;0,12;43;0,14;-;0,99;4,79;0,69;209;275;2,55;;;;;
Falafel ou Boulette de pois-chiche et/ou fève, frite;;252;8,25;18,7;14,4;1,4;7,7;57;2,1;51;1,3;0,25;6,9;10;-;0,5;0,047;0,01;0,1;0,43;0,17;105;0;11,9;1,5;6,4;1,6;390;640;020;;;;;
Gratin de légumes en sauce blanche type béchamel, cuit;;-;3,64;6,74;6,5;3,2;1;84;0,31;13;0,44;0,25;0,81;22,9;-;1,94;0,064;0,1;0,15;0,43;0,052;24,4;0,33;2,9;3,48;2,03;0,64;190;255;020;;;;;
Falafel ou Boulette de pois-chiche et/ou fève, préemballé;;211;7,38;17,7;10,8;3,57;6;57;1,6;40;1;0,25;4,04;23,6;-;0,5;0,15;0,044;0,43;0,36;0,082;57,3;-;9,5;1,28;5,67;0,87;340;347;020;;;;;
Blé dur précuit cuisiné, en sachet micro-ondable;;188;4,93;29,5;4,84;2,21;2,58;-;-;-;-;0;8,99;-;-;-;0,72;0,016;3;0;0,12;118;0;-;1,11;-;1,16;-;463;-;;;;;
Blé dur précuit, grains entiers, cuisiné, à poêler;;344;11,1;67,2;1,59;2,64;6,28;-;-;-;-;-;-;-;-;-;-;-;-;-;-;-;-;-;0,69;-;1,51;-;603;-;;;;;
Ravioli à la viande, sauce tomate, appertisé;;95,3;4,22;12,5;2,83;2,23;1,41;25,3;1,09;13,8;0,49;0,14;0,32;-;-;1,22;0,37;0,27;1,25;0,4;0,15;3;traces;7,4;1,14;1,21;0,96;169;382;02,2;;;;;
Lasagnes ou cannelloni à la viande (bolognaise);;134;6,29;13,5;5,72;2,84;1,91;44,8;0,71;21;0,78;0,11;0,91;-;-;2,57;0,064;0,1;1,19;0,31;0,12;7,49;0,45;8,9;2,55;1,51;0,97;194;385;010;;;;;
Pâtes à la bolognaise (spaghetti, tagliatelles…);;116;5,32;13,6;4,07;2,64;1,9;14;0,79;19,6;0,9;0;1,31;-;-;4,22;0,05;0,05;1,1;0,4;0,14;9,05;0,32;10,5;1,42;1,34;0,83;176;329;1,1;;;;;
Riz cantonais;;164;5,46;23,6;4,94;1,28;1,74;16,7;0,4;8,47;0,5;0,5;0,91;-;-;0,97;0,12;0,051;1,1;0,18;0,085;33;0,14;18,4;0,75;1,48;0,86;78;361;1,18;;;;;
Ravioli chinois à la vapeur à la crevette, cuit;;190;5,5;27,8;5,5;1,1;3,6;31;0,57;12;0,31;0,25;0,97;0,8;-;0,5;0,015;0,01;0,27;0,061;0,038;24,5;0,65;22,1;1,55;2,25;0,96;56;383;020;;;;;
Gratin de pâtes;;179;7,06;16,4;9,2;2,19;1;116;0,4;20;0,88;0,3;0,34;-;-;1,1;0,09;0,13;0,64;0,28;0,06;6;0,39;11,9;4,85;2,84;0,85;124;340;4,9;;;;;
Lasagnes ou cannellonis aux légumes, préemballées, cuits;;103;2,75;11;4,85;4,75;2,25;-;-;-;-;-;-;-;-;-;-;-;-;-;-;-;-;-;1,5;2,45;0,57;-;222;-;;;;;
Pâtes à la carbonara (spaghetti, tagliatelles…);;161;5,91;14,2;8,7;1,79;1,18;36,1;0,45;14,6;1;0,1;1,19;-;-;0,82;0,13;0,08;1,9;0,3;0,06;7,29;0,11;12,5;4,34;2,71;0,86;87,1;347;1;;;;;
Lasagnes ou cannellonis au poisson, préemballées;;148;7,28;13;7,1;2,03;1,68;63;0,41;-;-;-;-;-;-;-;-;-;-;-;-;-;-;-;2,5;1,88;1,02;-;403;-;;;;;
Pâtes fraîches farcies (ex : raviolis, tortellinis, ravioles du Dauphiné), au fromage, cuites;;226;10;26,8;8,3;4,4;1,9;72,3;0,48;16,2;0,7;0,05;0,1;-;-;0,2;0,029;0,047;0,29;0,27;0,04;7,47;0,18;17,9;4,64;2,1;0,79;47,9;317;13;;;;;
Couscous de légumes, préemballé;;108;4,32;16,4;2,25;2,54;2,24;-;-;-;-;-;-;-;-;-;-;-;-;-;-;-;-;-;0,8;0,52;0,73;-;274;-;;;;;
Pâtes fraîches farcies (ex : raviolis, tortellinis), au fromage et aux légumes, préemballées, cuites;;219;7,94;27,8;7,5;3,53;3,4;69;0,57;20;0,51;0,25;0,64;0,8;-;0,5;0,07;0,07;1,32;0,45;0,058;8,62;0,25;20,8;2,36;2,66;1,05;130;420;020;;;;;
Pâtes fraîches farcies (ex : raviolis, totellinis), à la viande (ex : bolognaise), préemballées, crues;;265;11,4;40,3;5,79;3,91;3,15;37,5;0,72;-;-;-;-;-;-;-;-;-;-;-;-;-;-;-;2,45;1,94;1,28;-;512;-;;;;;
Pâtes fraîches farcies (ex : raviolis, tortellinis), à la viande (ex : bolognaise), préemballées, cuites;;174;6,94;25,1;4,65;1;2,15;29;0,78;17,5;0,74;0,38;0,28;0,74;-;0,5;0,19;0,049;0,51;0,32;0,051;13,6;0,57;22,1;1,65;1,95;0,52;95;206;035;;;;;
Pâtes fraîches farcies (ex : raviolis, tortellinis, ravioles du Dauphiné), au fromage, préemballées, crues;;268;11,3;37,3;7,69;3,83;2,23;141;1;21,7;01;-;0,1;-;-;-;0,07;0,13;0,26;0,47;0,05;11,4;0,6;9,6;4,28;2,55;1,13;112;458;-;;;;;
Pâtes fraîches farcies (ex : raviolis, tortellinis), au fromage et aux légumes, préemballées, crues;;262;9,98;41,4;5,69;3,46;2,87;-;-;-;-;-;-;-;-;-;-;-;-;-;-;-;-;-;2,74;1,17;1,07;-;422;-;;;;;
Nouilles sautées/poêlées aux crevettes;;104;4,88;12,6;3,4;1,7;1,6;22;0,5;19;0,42;0,25;0,68;7,53;-;0,5;0,053;0,35;0,37;0,18;0,056;77;0,21;10,4;1,16;0,76;0,84;10;334;020;;;;;
Riz blanc, avec poulet, préemballé, cuit;;175;4,23;31,5;3,19;3,48;0,99;-;-;-;-;-;-;-;-;-;-;-;-;-;-;-;-;-;0,52;-;0,78;-;312;-;;;;;
Riz blanc, avec légumes et viande, préemballé, cuit;;167;4,61;28,3;3,57;1,91;0,98;-;-;-;-;-;-;-;-;-;-;-;-;-;-;-;-;-;0,69;-;0,85;-;338;-;;;;;
Risotto, aux légumes, préemballé;;120;2,74;18,4;3,8;0,85;0,5;-;-;-;-;-;-;-;-;-;-;-;-;-;-;-;-;-;2;1,3;0,76;-;304;-;;;;;
Risotto, aux fruits de mer, préemballé;;130;5,47;12,5;6,07;2,02;1,15;-;-;-;-;-;-;-;-;-;-;-;-;-;-;-;-;-;2,92;-;0,85;-;337;-;;;;;
Risotto, aux fromages, préemballé;;195;5,65;30,9;5,16;0,58;0,7;-;-;-;-;-;-;-;-;-;-;-;-;-;-;-;-;-;2,49;-;0,82;-;328;-;;;;;
Raviolis aux légumes, sauce tomate, appertisés;;91,1;2,88;13,5;2,45;2,83;1,7;15;1,1;16;0,21;0,25;0,85;9,31;-;0,5;0,05;0,033;1,14;0,17;0,096;14,2;0,082;10,7;0,48;0,98;0,76;280;30;020;;;;;
Pâtes fraîches farcies (ex : raviolis, tortellinis), aux légumes, préemballées, cuites;;156;5,19;20,9;4,9;1,9;3,7;50;0,51;15;0,48;0,25;0,81;1,35;-;0,5;0,057;0,066;0,24;0,32;0,038;42,4;0,49;19;1,93;1,63;0,49;76;195;020;;;;;
Pâtes en sauce aux fromages (spaghetti, tagliatelles…), préemballées;;163;7,17;15,9;7,4;5,85;1,85;-;-;-;-;-;-;-;-;-;-;-;-;-;-;-;-;-;4,35;-;0,8;-;310;-;;;;;
Pâtes fraîches farcies (ex : raviolis, tortellinis), aux légumes, préemballées, crues;;255;9,4;41,4;5,06;3,14;3,02;-;-;-;-;-;-;-;-;-;-;-;-;-;-;-;-;-;1,74;-;0,81;-;339;-;;;;;
Pâtes fraîches farcies (ex : raviolis, tortellinis), cuites (aliment moyen);;199;7,98;25,7;6,53;2,82;2,52;54,9;0,6;17,2;0,64;0,12;0,36;0,75;;0,23;0,092;0,055;0,56;0,33;0,047;14,2;0,36;20;2,88;2,1;0,72;83,1;287;13,4;;;;;
Feuille de vigne farcie au riz ou dolmas, égouttée, préemballée;;150;2,5;18,6;6,5;0,8;2,6;70;1,1;14;0,36;0,25;2,48;64,7;-;0,5;0,018;0,01;0,1;0,12;0,042;19,9;-;17,8;0,85;2,1;1,34;110;534;020;;;;;
Lasagnes ou cannellonis aux légumes, préemballés, cuits;;122;4,38;11,8;5,9;4,3;traces;76;0,62;20;0,54;0,25;2,19;6,37;-;3,34;0,015;0,063;0,1;0,28;0,08;27;0,2;7,5;1,91;2,06;0,6;240;238;020;;;;;
Lasagnes ou cannellonis aux légumes et au fromage de chèvre, préemballés, cuits;;179;7;14;10,2;2,3;1,4;32;0,18;6,5;0,23;0,25;1,14;13,7;-;0,67;0,041;0,089;0,35;0,36;0,047;39,5;0,18;11,5;5,23;3,04;0,85;59;340;020;;;;;
Lasagnes ou cannellonis au fromage et aux épinards, préemballés;;133;6,1;11,4;6,6;3,5;1,87;-;-;-;-;-;-;-;-;-;-;-;-;-;-;-;-;-;3,1;2,46;0,99;-;397;-;;;;;
Aligot (purée de pomme de terre à la tomme fraîche), préemballé;;195;8,06;9,5;13,3;0,57;1,3;-;-;-;-;-;-;-;-;-;-;-;-;-;-;-;-;-;8,25;3,5;1;-;398;-;;;;;
Fromage de chèvre pané à dorer, préemballé;;-;12,9;15;19,2;3,5;-;10;0,27;14;0,69;0,25;2,79;1,58;-;0,5;0,043;0,081;0,1;0,21;0,035;24,9;0,17;11,3;9,99;4,42;1,27;120;507;020;;;;;
Soufflé au fromage;;184;12,9;3,8;12,6;1,77;2,1;226;0,6;19,7;1,37;0,5;0,6;-;-;1;0,05;0,24;0,53;0,58;0,06;20,1;0,6;2,03;7,37;3,85;0,92;138;391;4,74;;;;;
Tartiflette, préemballée;;161;6;13,5;8,9;1,25;0,8;74;0,26;14;0,57;0,25;0,56;0,82;-;0,5;0,05;0,061;1,01;0,23;0,13;33,4;0,2;9,3;4,47;2,7;0,75;270;30;020;;;;;
Gougère;;399;16,2;22,7;26,6;0,56;1,9;302;1,34;22,7;1,98;0,89;0,97;-;-;0;0,076;0,35;0,29;0,76;0,11;37,4;0,98;18;16;7,11;1,13;131;453;8,24;;;;;
Préparation à base de fromage(s) pour fondue savoyarde, préemballée;;231;16,2;2,6;17,2;1,1;0;517;0,3;21,7;2;0,5;0,35;-;-;0;0,04;0,21;0,08;0,12;0,065;016;0,83;-;12;4,34;1,28;73;511;05;;;;;
Fromage pané au jambon;;263;17,4;15,3;14,6;1,5;01;84,9;0,8;25,8;1,4;0,5;4,1;-;-;01;0,087;0,12;5,7;0,55;0,25;020;0,61;13,8;7,15;4,31;2,32;246;929;7;;;;;
Escalope végétale ou steak à base de soja;;-;15,5;8,7;14,7;2,3;8,8;160;2,3;81;1,3;0,5;0,2;9,26;-;2;0,13;0,06;0,65;0,34;0,08;54,6;0,4;6,4;0,65;5,2;1,75;380;70;050;;;;;
Tempeh;;157;16,1;7,89;4,7;0,24;6,2;88;1,7;60;1,3;0,25;1,17;20,3;-;0,5;0,03;0,18;1,46;0,57;0,091;38,5;0,019;0,35;0,57;1,09;0,098;310;39;020;;;;;
Nuggets de blé (sans soja), préemballé;;284;12,6;22,4;14,9;1,33;2,55;22;0,88;15;0,68;0,25;6,84;5,24;-;0,5;0,053;0,01;0,24;0,27;0,026;12,3;-;18,7;1,48;7,96;0,67;340;269;020;;;;;
Nuggets soja et blé (ne convient pas aux véganes ou végétaliens), préemballé;;253;14,1;18,5;12,6;3,17;4,18;55;1,7;56;0,97;0,25;3,88;0,8;-;4,36;0,14;0,071;0,31;0,36;0,056;23,1;0,034;14,1;1,34;5,31;1,18;40;472;020;;;;;
Nuggets soja et blé (convient aux véganes ou végétaliens), préemballé;;251;15,5;19,7;10,9;1,75;5,38;61;2,4;50;1;0,25;3,76;2,58;-;0,5;0,069;0,1;0,61;0,34;0,042;31,5;-;16,7;1,14;6,05;1,39;330;556;020;;;;;
Pané soja et blé (ne convient pas aux véganes ou végétaliens);;260;14,4;16,8;13,9;1,28;4,39;50;2,2;38;0,71;0,25;5,22;9,15;-;0,5;0,12;0,13;1;0,37;0,048;26,6;0,057;14,6;1,45;6,42;1,03;380;411;020;;;;;
Bâtonnet pané soja et blé (convient aux véganes ou végétaliens), préemballée;;245;16,9;18,8;10;traces;5,41;70;2,5;59;1,3;0,25;2,55;2,64;-;0,5;0,099;0,026;0,4;0,3;0,075;30,3;-;15,5;1,1;4,7;1,13;350;452;020;;;;;
Escalope panée, soja, blé et fromage, type cordon bleu, préemballée;;247;15,2;15,1;13,1;2,05;3,28;170;1,3;40;1,3;0,25;3,35;7,45;-;0,5;0,074;0,11;0,26;0,35;0,045;31,5;0,33;12,2;3,02;5,74;1,5;320;601;020;;;;;
Raviolis au tofu, à la sauce tomate, préemballés;;91,7;3,13;12,5;2,7;3,14;2,1;28;0,68;18;0,35;0,25;1,71;6,17;-;0,5;0,019;0,01;0,57;0,16;0,033;7,76;-;8,6;0,41;0,95;0,81;260;322;020;;;;;
Galette de céréales au fromage (sans soja), préemballé;;241;7;27,8;10,3;2,86;4,3;93;1,1;97;1,3;0,25;2,07;2,35;-;0,5;0,083;0,039;0,68;0,44;0,047;12,1;0,12;23;2,56;5,02;1;340;398;020;;;;;
Galette de céréales aux légumes (sans soja), préemballé;;211;5,31;28;7,6;3,66;4,4;29;1,3;48;1,1;0,25;2,97;7,3;-;0,5;0,081;0,01;0,7;0,4;0,054;20,7;-;21,8;0,89;4,11;1,03;220;411;020;;;;;
Boulette végétale au soja et/ou blé, préemballée;;211;17,6;7,98;10,6;3,47;5,45;73;2,4;64;1;0,25;4,61;12,9;-;0,5;0,048;0,086;0,25;0,22;0,057;27,8;0,078;3,2;1,11;4,5;1,51;620;605;020;;;;;
Galette ou pavé aux lentilles, soja et légumes, préemballé;;170;9,71;16,7;5,6;2,77;4,76;69;1,9;59;1,3;0,25;2,14;13,5;-;0,5;0,09;0,01;0,17;0,33;0,052;45,3;-;10,6;0,75;2,79;0,85;230;338;020;;;;;
Galette ou pavé au blé (seitan) et légumes, préemballé;;208;12,5;20,8;7,1;3,97;3,1;42;1,2;38;1;0,25;1,65;4,63;-;0,5;0,083;0,01;0,31;0,29;0,049;46,3;-;13,7;0,73;5,02;1;150;398;020;;;;;
Galette ou pavé au blé et soja (convient aux véganes ou végétaliens), préemballé;;215;16;8,15;11;1,87;6,03;89;3,3;75;1,3;0,25;2,67;2,66;-;0,5;0,046;0,042;0,32;0,35;0,052;39,5;-;2,7;1,04;8,08;1,3;520;519;020;;;;;
Galette ou pavé au blé et soja (ne convient pas aux véganes ou végétaliens), préemballé;;201;10,2;13,3;10,2;2,62;5,36;72;2,2;53;0,86;0,25;4,7;7,01;-;0,5;0,066;0,1;0,49;0,29;0,06;138;0,05;10,7;1,07;4,16;1,14;40;454;020;;;;;
Galette ou pavé au soja et fromage, préemballé;;204;16,8;6,08;12;0,75;1,8;250;1,8;84;1,9;0,25;0,75;9,06;-;0,5;0,052;0,081;0,57;0,3;0,057;23,7;0,24;4,7;4,63;2,81;1,07;230;427;020;;;;;
Galette ou pavé au soja et légumes, préemballé;;175;13,1;8,36;8,1;3,45;4,97;99;2,1;70;1,2;0,25;2,29;12,3;-;0,5;0,057;0,038;0,47;0,3;0,043;38,1;-;3,4;1,04;3,9;0,93;430;372;020;;;;;
Galette ou pavé au soja, fromage et légumes, préemballé;;180;15,1;7,72;9,1;2,03;2,83;170;2;82;1,5;0,25;1,74;12,8;-;0,5;0,086;0,044;0,49;0,31;0,055;23,3;0,08;5,2;2,36;2,6;0,97;320;389;020;;;;;
Haché végétal à base de soja, préemballé;;143;11,5;7,01;5,8;4,19;5,23;67;2,2;66;1,2;0,25;2,09;6,09;-;0,5;0,052;0,037;1,15;0,4;0,081;34;-;0,35;0,64;3,51;0,78;620;312;020;;;;;
Pizza au fromage ou Pizza margherita, préemballée;;227;8,93;29,6;7,64;2,72;1,67;239;1,14;22,9;1,52;0;1,29;9,7;-;5,5;0,24;0,17;1,3;0,21;0,086;40;0,55;17,6;3,4;2,45;1,24;170;493;04,5;;;;;
Quiche lorraine, préemballée;;274;8,96;21;16,8;2,67;1,29;116;0,63;17,8;0,8;1,21;1,55;-;-;0,71;0,12;0,16;0,47;-;0,095;17,1;0,3;-;8,63;5,78;1,28;164;503;010;;;;;
Crêpe ou Galette fourrée béchamel jambon, préemballée;;136;5,75;18,7;4;1,89;1,2;41;0,73;16,9;0,88;-;-;-;-;-;-;-;-;-;-;-;-;16,8;0,95;1,72;0,84;220;236;-;;;;;
Crêpe ou Galette fourrée béchamel jambon fromage, préemballée;;182;8,83;19,1;7,5;1,7;1,55;105;0,49;14,9;0,61;0,73;1,24;-;-;1,59;0,19;0,19;-;-;0,11;30,4;0,34;17,4;3,9;1,85;1,1;148;466;5,06;;;;;
Crêpe ou Galette fourrée béchamel champignon, préemballée;;150;4,83;20,7;5,02;2,7;1,32;59,5;0,3;14;-;-;-;-;-;-;-;-;-;-;-;-;-;-;0,92;-;0,99;260;333;-;;;;;
Tarte aux légumes, préemballée;;216;5;21,8;11,7;3,2;1,7;104;-;13,9;0,62;-;-;-;-;-;-;-;-;-;-;-;-;-;6;4,28;0,98;242;392;2,95;;;;;
Pizza jambon fromage, préemballée;;218;10,3;28;6,69;2,91;2,34;174;0,7;24,4;1,4;0,5;1,1;-;-;1,45;0,18;0,12;1,9;0,37;0,2;17;0,46;-;3,2;2,18;1,5;234;608;8;;;;;
Tarte au fromage, préemballée;;289;10,3;20,7;18;1,63;1,57;180;0,54;16;-;1,06;1,34;-;-;0,21;0,05;0,16;-;-;0,07;13,7;0,46;17,5;9,93;6,45;1,07;110;427;-;;;;;
Tarte à la provençale, préemballée;;241;5,5;20;14,3;2,9;5,3;62,5;0,63;14,5;0,5;0,95;1,54;-;-;4,25;0,05;0,1;-;-;0,1;14,7;0,22;17,1;4,15;5,39;0,8;140;293;4,92;;;;;
Pizza à la viande, type bolognaise, préemballée;;227;10,3;27,2;8,03;2,94;2,16;144;1,36;27;1,87;0;0,92;6,7;-;4,2;0,25;0,21;2,16;0,44;0,14;29;0,8;-;2,85;3,55;1,32;189;534;-;;;;;
Burritos;;170;8;14,3;8,5;1,9;1,9;88;1,1;20;1,8;0,5;0,58;8;-;6,5;0,098;0,07;1,7;0,26;0,11;14,9;1,36;6,8;4,33;2,93;0,75;260;299;050;;;;;
Fajitas;;158;12,7;16;4,5;2,2;1,4;77;0,55;23;0,66;0,5;0,93;3,17;-;19,6;0,12;0,06;3,48;0,57;0,24;23,4;0,42;9;1,96;1,53;0,89;280;357;050;;;;;
Pizza au chorizo ou salami, préemballée;;248;10,4;26,5;10,7;3,29;2,04;135;-;-;-;-;-;-;-;-;-;-;-;-;-;-;-;-;4,55;3,55;1,54;-;608;-;;;;;
Pizza aux fruits de mer, préemballée;;20;10,3;24,6;6,65;1,5;0,5;-;-;-;-;-;-;-;-;-;-;-;-;-;-;-;-;-;2,5;2,23;1,25;-;50;-;;;;;
Pizza au saumon, préemballée;;231;10,1;26,7;8,78;3,04;2,31;110;0,54;22;0,84;0,79;1,68;7,16;-;0,5;0,1;0,057;1,28;0,26;0,093;15;0,6;21,7;2,9;3,37;1,22;190;492;020;;;;;
Pizza au chèvre et lardons, préemballée;;245;10,7;26,9;9,96;3,17;2,36;136;-;-;-;-;-;-;-;-;-;-;-;-;-;-;-;-;4,83;3,35;1,49;-;590;-;;;;;
Pizza aux légumes ou Pizza 4 saisons, préemballée;;214;8,48;25,7;8;3,62;2,81;120;0,61;20;0,92;0,25;0,73;1,67;-;1,52;0,09;0,09;0,54;0,29;0,099;25,8;0,3;21,3;3,1;2,37;1,1;20;439;020;;;;;
Pizza champignons fromage, préemballée;;217;7,8;31,6;6,1;1,9;2,4;-;-;-;-;-;-;-;-;-;-;-;-;-;-;-;-;-;2,1;-;1,13;-;450;-;;;;;
Pizza 4 fromages, préemballée;;267;13,1;28,2;10,5;2,61;2,7;267;0,81;22;-;0,05;1,08;-;-;3,64;0,14;0,14;-;-;0,15;52,9;0,28;-;5,51;3,19;1,11;141;444;-;;;;;
Pizza (aliment moyen);;233;10,7;27,3;8,39;2,93;2,38;196;0,78;22,1;;0,16;1,11;;;3,37;0,17;0,13;;;0,16;35,2;0,39;;3,93;2,69;1,27;187;509;;;;;;
Pissaladière, préemballée;;284;6,4;33,8;13,1;2,9;2,5;-;-;-;-;-;-;-;-;-;-;-;-;-;-;-;-;-;1,5;-;2,21;-;-;-;;;;;
Tarte à l'oignon, préemballée;;280;7;23,5;17,2;5,63;1,9;-;-;-;-;-;-;-;-;-;-;-;-;-;-;-;-;-;7,5;-;0,87;-;367;-;;;;;
Pizza jambon fromage champignons ou pizza royale, reine ou regina, préemballée;;205;9,54;25,7;6,66;3,16;2,3;155;0,7;20,1;1,16;0,5;1,18;-;-;4,84;0,19;0,14;1,84;0,57;0,17;31;0,38;21,2;2,91;2,3;1,3;211;524;6,5;;;;;
Crêpe ou Galette fourrée béchamel fromage, préemballée;;149;6,02;17,7;5,75;3,86;1,05;87,5;0,35;18,6;-;0,47;0,93;-;-;0,37;0,1;0,2;-;-;0,08;29,3;0,5;13,8;2,02;2,35;0,92;118;404;-;;;;;
Flammenkueche ou Tarte flambée aux lardons, préemballée;;30;8,81;31,8;14,8;4,15;1,7;52;0,6;19,4;0,8;0,5;1,4;-;-;0,8;0,19;0,1;1,75;0,43;0,21;20;0,44;26,3;6,27;5,41;1,64;230;654;05;;;;;
Crêpe ou Galette fourrée béchamel jambon fromage champignon, préemballée;;159;8,3;16,6;6,3;2,7;1,2;35,3;0,6;12,3;-;0,48;0,94;-;-;1,23;0,15;0,17;-;-;0,1;30,5;0,26;10,7;1,5;2,22;0,95;86,6;260;-;;;;;
Tarte ou Tourte aux poireaux, préemballée;;243;5,76;21,6;14,3;2,34;2,48;95;0,6;14;0,66;0,25;1,28;14,6;-;0,5;0,074;0,11;0,11;0,36;0,06;87,1;0,45;16;7,72;4,54;0,96;130;381;020;;;;;
Tarte au saumon, préemballée;;215;8,53;21;10,5;1,63;1,4;59,2;0,63;17,7;0,42;2,59;1,47;-;-;1,83;0,07;0,14;-;-;0,17;20,1;0,73;19,3;6,3;3;0,84;162;333;10,3;;;;;
Tourte au riesling, préemballée;;251;10,2;23,7;12,6;2,25;1,2;-;-;-;-;-;-;-;-;-;-;-;-;-;-;-;-;-;6,2;-;1,45;-;-;-;;;;;
Tarte à la tomate, préemballée;;218;5,17;19,3;12,8;4,2;2,9;21;0,77;16;0,28;-;0,62;3,61;-;5,2;0,05;0,025;0,44;0,28;0,091;40,9;0,071;13,9;7,67;3,39;0,8;280;318;020;;;;;
Crêpe ou Galette complète (oeuf, jambon, fromage), préemballée;;209;12,7;15,2;9,8;1,1;4,5;240;0,96;52;1,8;0,25;0,41;1,49;-;0,9;0,19;0,17;1,1;0,75;0,11;38,1;1,04;9,8;6,02;2,59;1,12;190;445;020;;;;;
Tarte aux noix de Saint-Jacques, préemballée;;266;8,25;24,2;14,5;2,5;3;-;-;-;-;-;-;-;-;-;-;-;-;-;-;-;-;-;5,9;-;1,12;-;449;-;;;;;
Pastilla au poulet, préemballée;;218;12,3;14,1;12,2;3,85;1,5;-;-;-;-;-;-;-;-;-;-;-;-;-;-;-;-;-;1,75;7,5;1,5;-;595;-;;;;;
Pizza aux lardons, oignons et fromage, préemballée;;255;11,2;27,7;10,6;3,7;2,2;192;-;-;-;-;-;-;-;-;-;-;-;-;-;-;-;-;6;-;1,1;-;570;-;;;;;
Crêpe ou Galette aux noix de St Jacques, préemballée;;168;7,7;15,8;8;2,8;1,2;-;-;-;-;-;-;-;-;-;-;-;-;-;-;-;-;-;2,4;-;1,18;-;-;-;;;;;
Tarte ou quiche salée (aliment moyen);;267;8,11;22,7;15,6;3,14;1,76;90,6;0,64;17,4;0,7;0,98;1,35;;;1,38;0,11;0,13;0,63;;0,11;27;0,31;;7,83;5,16;1,21;187;479;6,01;;;;;
Crêpe ou Galette fourrée béchamel champignon, cuite, préemballée;;172;5,5;18,5;7,7;3,16;3,4;82;0,43;14;0,53;0,25;1,88;0,8;-;0,5;0,068;0,15;0,5;0,75;0,027;31,7;0,21;15,3;2,48;2,16;0,76;180;304;020;;;;;
Tarte au maroilles ou Flamiche au maroilles, préemballée;;315;14,1;22,1;18,3;2,8;2,5;-;-;-;-;-;-;-;-;-;-;-;-;-;-;-;-;-;12,8;-;1,66;-;-;-;;;;;
Crêpe ou Galette fourrée au poisson et / ou fruits de mer, préemballée;;206;8,5;14,3;12,4;2,4;1,6;-;-;-;-;-;-;-;-;-;-;-;-;-;-;-;-;-;6,95;-;1,13;-;445;-;;;;;
Ficelle picarde, préemballée;;151;8,6;11,9;7,5;2,7;0,6;-;-;-;-;-;-;-;-;-;-;-;-;-;-;-;-;-;2,8;-;0,75;-;-;-;;;;;
Tarte épinard chèvre, préemballée;;244;7,08;22,2;13,6;3;2,05;79;0,77;19;0,56;0,25;0,54;7,14;-;0,5;0,07;0,12;0,2;0,22;0,054;62,5;0,2;18,3;7,34;4,14;1;180;393;020;;;;;
Tielle sétoise, préemballée;;306;8,15;30,9;16;5,05;2,95;-;-;-;-;-;-;-;-;-;-;-;-;-;-;-;-;-;2,8;4,21;1,55;-;610;-;;;;;
Pizza au thon, préemballée;;220;10,8;23,3;8,78;3,47;2,2;-;-;-;-;-;-;-;-;-;-;-;-;-;-;-;-;-;2,97;-;0,99;-;397;-;;;;;
Pizza kebab, préemballée;;211;9,4;26,6;7,01;3,04;1,85;-;-;-;-;-;-;-;-;-;-;-;-;-;-;-;-;-;3,5;-;1,4;-;549;-;;;;;
Pizza au poulet, préemballée;;215;9,95;27,5;6,68;2,96;2,32;-;-;-;-;-;-;-;-;-;-;-;-;-;-;-;-;-;3,23;2,3;1,16;-;462;-;;;;;
Pizza type raclette ou tartiflette, préemballée;;276;11,8;27,5;12,7;2,77;2,4;-;-;-;-;-;-;-;-;-;-;-;-;-;-;-;-;-;5,93;-;1,55;-;603;-;;;;;
Pizza au speck ou jambon cru, préemballée;;240;12,2;25,7;9,43;3,47;1,6;163;-;-;-;-;-;-;-;-;-;-;-;-;-;-;-;-;4,67;3,35;1,74;-;767;-;;;;;
Focaccia, garnie;;233;8;29,5;8,75;4,25;2,25;-;-;-;-;-;-;-;-;-;-;-;-;-;-;-;-;-;1,75;-;1,45;-;585;-;;;;;
Fougasse, garnie;;306;9,53;38,8;11,8;1,47;3,2;76,6;1,24;23,7;0,95;0;1,22;-;-;0,1;0,12;0,061;1,38;0,31;0,1;16,8;0,074;37,3;2,74;7,23;1,78;177;711;4,51;;;;;
Croque-monsieur, fait maison;;-;14,3;-;18,4;-;-;249;1,32;21,9;1,34;0,15;0,55;-;-;0,02;0,2;0,16;1,55;-;0;-;-;-;-;-;1,71;189;686;-;;;;;
Hot-dog, préemballé;;278;10,9;26,3;13,8;5,2;1,6;56;0,85;17;1,1;0,25;1;3,7;-;0,5;0,11;0,051;1,37;0,4;0,068;31,2;0,5;19,1;5,18;6,19;1,69;210;676;020;;;;;
Hamburger, provenant de fast food;;246;13,3;28,3;8,44;5,95;1,8;64;1,23;29,7;2,26;0,1;0,07;4,9;-;0,3;0,35;0,19;4,06;0,37;0,11;17;1,2;20,7;2,82;3,64;1,23;251;492;010;;;;;
Cheeseburger, provenant de fast food;;268;13,7;23,1;12,9;5,47;1,8;91,3;1,2;21,3;2,1;0,1;0,09;5,5;-;0,4;0,32;0,19;3,51;0,42;0,37;7;1,31;17,7;5,07;5,37;1,33;198;528;-;;;;;
Double cheeseburger, provenant de fast food;;299;15,5;21,5;16,7;-;01;104;1,4;20,2;2,9;0,5;1,35;-;-;0,9;0,089;0,15;2,99;0,35;0,2;28,9;0,99;19,8;6,32;6,51;1,15;184;461;6,6;;;;;
Burger au poisson, provenant de fast food;;263;12,2;26,7;11,5;3,9;1,5;55;0,49;22;0,59;0,81;2,83;9,23;-;0,5;0,049;0,01;0,63;0,33;0,066;23,3;0,83;21,8;4,92;2,87;1,1;210;440;020;;;;;
Sandwich grec ou Kebab, pita, crudités;;233;15,2;17,4;10,9;1,1;2,3;33,6;0,95;21,5;1,8;-;-;-;-;-;-;-;-;-;-;-;-;15,9;3,57;3,9;1,23;316;492;-;;;;;
Sandwich grec ou Kebab, baguette, crudités;;246;15;23,6;9,8;2,6;2;22,1;2,1;22,4;2,05;0;0,2;-;-;2;0,09;0,11;2,3;0,4;0,13;15;0,88;21;4,26;3,31;1,13;263;469;10;;;;;
Sandwich baguette, thon, crudités (tomate, salade), mayonnaise;;274;10,3;32;11,3;1,4;1,78;26,8;0,83;19,5;0,53;0,73;4,05;-;-;2,63;0,051;0,055;2,73;0,28;0,13;19;0,63;30,5;2,54;2,62;1,28;160;514;11,3;;;;;
Sandwich panini, jambon cru, mozzarella, tomates;;243;14,2;27,2;8,35;-;1,4;97;1,1;16,9;1,3;-;-;-;-;-;-;-;-;-;-;-;-;-;-;-;1,24;184;493;-;;;;;
Sandwich baguette, jambon, oeuf dur, crudités (tomate, salade), beurre;;222;10,1;30,9;5,98;2,55;1,88;24,6;0,97;19,2;0,84;0,2;0,43;-;-;5,77;0,2;0,11;1,49;0,39;0,13;22,8;0,16;28,4;3,01;1,7;1,45;186;569;8,61;;;;;
Sandwich baguette, poulet, crudités (tomate, salade), mayonnaise;;247;10;36,3;6,35;3;2,23;27,4;1,04;20,2;0,71;0,069;2,56;-;-;3,61;0,07;0,066;1,85;0,41;0,15;20,4;0,08;32,1;0,92;2,99;1,39;167;557;9,39;;;;;
Sandwich baguette, jambon emmental, préemballé;;285;13,3;26,9;13,1;2,55;3;-;-;-;-;-;-;-;-;-;-;-;-;-;-;-;-;-;5,3;3,58;1,58;-;635;-;;;;;
Sandwich baguette, saumon fumé, beurre;;265;11,5;40,8;5,6;2,65;2,4;26,5;0,91;21,8;0,6;2,28;0,7;-;-;2,84;0,1;0,062;2,39;0,38;0,23;21,3;0,9;38,2;2,49;1,21;1,89;178;742;11,2;;;;;
Sandwich baguette, thon, maïs, crudités, préemballé;;198;8,87;25;6,03;2,83;3,93;-;-;-;-;-;-;-;-;-;-;-;-;-;-;-;-;-;1,02;3,25;1,02;-;410;-;;;;;
Burger au poulet;;249;12,7;23,8;11;2,9;1,2;66;0,6;22;0,71;0,25;2,1;9,45;-;0,5;0,1;0,051;3,67;0,79;0,16;33,4;0,3;18,4;1,88;5,84;1,16;220;463;020;;;;;
Pan bagnat;;215;7,95;30,3;6,48;3,2;1,98;37,9;0,69;26,1;0,33;0,59;1,56;-;-;12,2;0,055;0,071;1,34;0,31;0,13;25,5;0,86;22,3;0,98;4,41;1,03;157;428;3,83;;;;;
Sandwich baguette, jambon, beurre;;285;9,93;33,7;11,5;2,34;3,17;54,6;0,95;34,7;1,22;0,21;0,4;-;-;3,09;0,31;0,1;2,21;0,32;0,17;17;0,15;31,3;5,92;3,88;1,69;171;675;3,41;;;;;
Sandwich baguette, camembert, beurre;;339;11,9;34,3;16,7;2,18;1,92;137;0,7;20,6;1,42;0,21;0,52;-;-;0;0,062;0,2;0,86;0,41;0,13;40,4;0,68;32,2;10,4;4,6;1,72;111;670;4,02;;;;;
Sandwich baguette, pâté, cornichons;;298;10,1;32,1;13,9;2,44;1,99;26,2;2,49;18,1;1,17;0,25;0,36;-;-;1,67;0,12;0,33;3,13;0,99;0,14;37,8;1;29,7;6,12;5,24;1,8;143;712;5,02;;;;;
Sandwich baguette, saucisson, beurre;;383;13,7;32;21,6;2,36;3,05;29,1;1,09;22,2;1,34;0,12;0,43;-;-;2;0,32;0,12;2,77;0,42;0,24;18;0,3;29,6;9,43;8,01;2,07;224;828;3,56;;;;;
Sandwich baguette, jambon, emmental, beurre;;286;12,2;32,7;10,9;2,87;4,17;188;0,83;23,2;1,79;0,36;0,42;-;-;2,33;0,25;0,14;1,73;0,31;0,14;15,8;0,47;28;5,3;3,91;1,54;152;614;5,03;;;;;
Sandwich (aliment moyen);;243;14,2;27,2;8,35;;1,4;97;1,1;16,9;1,3;;;;;;;;;;;;;;;;1,24;184;493;;;;;;
Toasts ou Canapés salés, garnitures diverses, préemballés;;233;9,09;17,8;13,3;5,75;2,8;153;1,79;23,4;1,38;0,32;0,42;-;-;1,57;0,27;0,27;3,43;0,6;0,16;26,1;0,72;11,7;5,94;5,31;1,11;152;445;3,77;;;;;
Sandwich baguette, crudités diverses, mayonnaise;;221;6,54;30;7,9;2,67;2,18;26,6;0,87;16,6;0,54;0,17;2,88;-;-;7,02;0,062;0,074;0,69;0,37;0,092;31,1;0,13;27,3;1,69;2,02;1,07;153;426;6,77;;;;;
Sandwich baguette, dinde, crudités (tomate, salade), mayonnaise;;255;12,4;30,6;8,82;2,24;1,86;23,3;0,99;19,8;0,97;0,05;3,14;-;-;3,11;0,07;0,083;2,19;0,43;0,16;19,5;0,32;28,3;1,94;2,06;1,1;174;446;12,9;;;;;
Sandwich baguette, oeuf, crudités (tomate, salade), mayonnaise;;247;8,52;30,9;9,47;2,38;1,89;33,6;1,08;16,4;0,68;0,43;2,99;-;-;3,31;0,07;0,14;0,59;0,55;0,092;39;0,3;28,5;2,18;2,57;1,13;135;457;8,6;;;;;
Sandwich baguette, porc, crudités (tomate, salade), mayonnaise;;267;12;30,1;10,6;2,3;1,86;21,6;0,98;19,2;1;0,05;3,14;-;-;3,11;0,21;0,1;1,67;0,37;0,16;19,9;0,45;27,8;2,61;3,02;1,1;178;449;10,4;;;;;
Sandwich baguette, merguez, ketchup moutarde;;282;13,1;31;11,4;2,92;1,81;26,6;1,25;20,9;1,31;0,084;0,82;-;-;0,64;0,12;0,11;2,14;0,34;0,15;15,3;0,51;28,1;5,2;4,59;2,12;280;851;6,68;;;;;
Sandwich baguette, salami, beurre;;379;12,5;33,2;21,4;2,01;1,82;25,3;1,41;17,5;1,39;0,34;0,31;-;-;0;0,15;0,1;1,7;0,47;0,14;14,5;0,54;31,2;9,65;8,32;2,76;160;1070;6,85;;;;;
Croque-madame;;264;13,7;16,9;15,5;1,37;1,13;20;1,27;19,5;1,1;0,6;0,78;-;-;0,014;0,17;0,22;1,19;0,48;0,035;17,4;0,55;14,9;7,42;5,19;1,29;154;515;10,9;;;;;
Sandwich baguette (aliment moyen);;277;11,2;31,4;11,6;2,46;2,38;;;;;;;;;;;;;;;;;;4,45;3,72;1,54;;615;;;;;;
Sandwich pain de mie, garnitures diverses, préemballé;;267;11,7;25,1;12,4;3,42;3,83;-;-;-;-;-;-;-;-;-;-;-;-;-;-;-;-;-;4,96;3,85;1,17;-;463;-;;;;;
Croque-monsieur, préemballé;;273;11,3;26,8;12,9;2,14;2,45;251;01;21,5;1,6;0,7;0,6;-;-;1,7;0,15;0,15;0,64;0,37;0,05;23,1;0,39;3,9;6,5;4,21;1,57;189;595;5,8;;;;;
Sandwich pain de mie complet, jambon, crudités, fromage optionnel, préemballé;;243;10;23,1;11,6;2,43;3,06;-;-;-;-;-;-;-;-;-;-;-;-;-;-;-;-;-;2,86;-;1,42;-;557;-;;;;;
Sandwich pain de mie complet, thon, crudités, mayonnaise, préemballé;;240;9,82;23,1;11,3;2,49;3,46;-;-;-;-;-;-;-;-;-;-;-;-;-;-;-;-;-;1,3;-;1,08;-;432;-;;;;;
Sandwich pain de mie complet, jambon, fromage, préemballé;;292;12,9;26,1;14,6;7,75;2;205;-;-;-;-;-;-;-;-;-;-;-;-;-;-;-;-;6,45;-;1,33;-;525;-;;;;;
Sandwich pain de mie complet, poulet, crudités, mayonnaise, préemballé;;232;9,18;23,7;10,4;2,61;3,63;-;-;-;-;-;-;-;-;-;-;-;-;-;-;-;-;-;2,48;-;1,3;-;517;-;;;;;
Cake salé (garniture : fromage, légumes, viande, poisson, volaille, etc.), préemballé;;321;11,6;25,6;18,4;2,68;2,3;170;1,3;16,1;1,4;-;-;-;-;-;-;-;-;-;-;-;-;22,9;4,68;8,05;1,64;165;657;-;;;;;
Spécialité chinoise type bouchée à la vapeur, préemballée, cuite;;149;5,9;28;1,4;3,9;0,21;-;-;-;-;-;-;-;-;-;-;-;-;-;-;-;-;-;0,31;0,75;1,26;-;540;-;;;;;
Feuilleté aux escargots, préemballé;;321;6,69;23,1;22,1;1,09;1,74;-;-;-;-;-;-;-;-;-;-;-;-;-;-;-;-;-;13,2;-;1,17;-;491;-;;;;;
Feuilleté ou Friand au fromage;;302;8,25;28,1;17,1;3,86;1,3;119;1,4;14,9;0,54;0,82;1,38;-;-;0,3;0,07;0,14;0,63;0,25;0,06;7;0,5;24,2;10,2;4,7;1,58;139;632;1,4;;;;;
Feuilleté ou Friand à la viande, préemballé;;348;9,59;25,9;22,6;1,17;1,63;15,6;1,65;18,6;1,49;-;-;-;-;-;-;-;-;-;-;-;-;24,7;10,6;8,92;1,55;199;610;5,63;;;;;
Bouchée à la reine, à la viande/volaille/quenelle;;292;6,12;23,5;18,9;2,6;1,65;40;0,42;12;0,54;0,25;1,29;3,14;-;0,5;0,09;0,087;0,79;0,39;0,044;7,4;0,19;18,2;9,66;6,21;1,27;170;498;020;;;;;
Croissant au jambon;;243;7,9;19,2;14,6;2,6;1,53;219;-;18,9;1,7;-;-;-;-;-;-;-;-;-;-;-;-;-;8,5;4,13;1,1;216;50;-;;;;;
Rouleau de printemps;;103;4,57;16,6;1,82;3,6;1,2;22,5;0,4;12,6;0,45;-;0,18;-;-;1,5;0,04;0,04;0,64;0,16;0,11;016;0,16;13;0,66;0,56;0,29;87;116;5;;;;;
Nem ou Pâté impérial;;216;6,48;21,1;11,2;3,02;2,54;25;0,9;16;0,62;0,5;0,82;-;-;0,5;0,11;0,057;1,4;0,25;0,12;23,1;0,22;17,2;2,9;5,08;1,52;160;609;4,38;;;;;
Brick garni (garniture : crevettes, légumes, volaille, viande, poisson, etc.), fait maison, cuit;;187;12,2;8,48;11,5;0,72;0,59;32,8;1,03;21,5;0,9;0,51;4,95;-;-;2,93;0,057;0,12;2,9;0,6;0,19;16,6;0,67;7,75;2,77;3,02;1,41;183;565;9,35;;;;;
Bouchée à la reine, au poisson et fruits de mer;;206;6,72;13,4;13,8;2,43;1,05;70,1;1,2;18,8;0,78;0,77;1,12;-;-;0,9;0,068;0,11;1,14;0,38;0,079;10,5;1,25;10,9;7,41;4,07;1,13;144;451;4,95;;;;;
Feuilleté ou Friand jambon fromage;;290;8,46;25,7;16,7;3,65;1,9;115;0,43;14,6;0,77;1,05;2,1;-;-;0,95;0,099;0,1;0,78;0,29;0,078;7,29;0,29;22,1;10,8;4,12;1,29;126;512;2,29;;;;;
Beignet de viande, volaille ou poisson, fait maison, cru;;238;18,7;10;13,5;0,92;0,41;36,6;1,23;25,4;1,61;0,29;2,91;-;-;0,27;0,1;0,18;3,43;0,62;0,24;15,8;1,13;9,05;2,88;6,79;0,71;272;285;13,9;;;;;
Brick à l'oeuf, fait maison, cuit;;255;10,4;12,3;18,1;1,6;0,5;70,7;1,4;13,8;0,83;1,24;7;-;-;3,6;0,06;0,38;0,32;1,09;0,1;92;0,81;7,5;-;-;1,35;132;538;9,6;;;;;
Brick au boeuf;;342;10,4;33,5;17;3,2;6,8;-;5,2;29,8;1,53;0,28;6,6;-;-;3,1;0,07;0,15;1,58;0,48;0,16;23;0,62;-;-;-;3,76;221;1510;3,6;;;;;
Feuilleté salé (aliment moyen);;301;8,39;26,1;17,8;3,03;1,65;93,4;1,25;16,9;0,93;1,16;1,49;;;0,34;0,078;0,12;1,07;0,27;0,092;7,23;0,52;23,4;10,1;5,38;1,43;171;574;4,25;;;;;
Bouchée à la reine, garnie (aliment moyen);;249;6,42;18,4;16,3;2,52;1,35;55,1;0,81;15,4;0,66;0,45;1,21;;;0,58;0,079;0,097;0,97;0,39;0,062;8,95;0,72;14,6;8,53;5,14;1,2;157;475;7,48;;;;;
Nem ou Pâté impérial, au poulet, préemballé, cuit;;197;8,06;20,9;8,1;1,9;3,3;29;1;23;0,81;0,25;1,18;1,5;-;0,5;0,18;0,01;1,53;0,52;0,079;21,9;0,095;17,7;1,25;4,53;1,19;220;477;020;;;;;
Nem ou Pâté impérial, au porc, préemballé, cuit;;237;6,88;22,6;12,7;1,9;2,4;25;0,91;23;0,79;0,25;2,33;1,58;-;0,5;0,083;0,01;0,94;0,37;0,08;32,3;0,18;20,6;3,07;6,59;1,14;230;457;020;;;;;
Nem ou Pâté impérial, aux crevettes et/ou au crabe, préemballé, cuit;;213;7,44;23,7;9,2;2,4;2,7;47;1,1;25;0,83;0,25;1,99;1,84;-;0,5;0,041;0,043;0,1;0,33;0,056;32,6;0,51;18,6;1,13;5,77;1,2;180;480;020;;;;;